qa_id,question,answer,category,page_section_ref,regulation_clause,curriculum_program,plan,ground_truth_source
1,หลักสูตร DSBA (แผน coop) มีรายวิชาในแผนการศึกษาทั้งหมดกี่รายวิชา?,"45 รายวิชาในแผนการศึกษา (ไม่รวมกลุ่มวิชาเลือกเฉพาะสาขาในตาราง Elective Pool อีก 45 รายวิชา, รวมทั้งหมด 90 รายวิชา)",Curriculum Structure,ภาพรวมโครงสร้างหลักสูตร,ข้อบังคับฯ ว่าด้วยการศึกษาระดับปริญญาตรี — โครงสร้างหลักสูตร,DSBA,coop,GT_Template-2.xlsx / Academic Plan GT — DSBA coop
2,หลักสูตร DSBA (แผน coop) มีวิชาบังคับกี่รายวิชา?,36 รายวิชาบังคับ,Curriculum Structure,ภาพรวมโครงสร้างหลักสูตร,,DSBA,coop,GT_Template-2.xlsx / Academic Plan GT — DSBA coop
3,หลักสูตร DSBA (แผน coop) มีวิชาเลือกทั้งหมดกี่รายวิชา?,54 รายวิชาเลือก (รวมวิชาเลือกเฉพาะสาขา วิชาเลือกศึกษาทั่วไป และวิชาเลือกเสรี),Curriculum Structure,ภาพรวมโครงสร้างหลักสูตร,,DSBA,coop,GT_Template-2.xlsx / Academic Plan GT — DSBA coop
4,หลักสูตร DSBA มีรายวิชาในหมวดวิชาศึกษาทั่วไปกี่รายวิชา?,10 รายวิชา,Curriculum Structure,ภาพรวมโครงสร้างหลักสูตร,,DSBA,coop,GT_Template-2.xlsx / Academic Plan GT — DSBA coop
5,หลักสูตร DSBA มีรายวิชาในหมวดวิชาเฉพาะกี่รายวิชา?,78 รายวิชา,Curriculum Structure,ภาพรวมโครงสร้างหลักสูตร,,DSBA,coop,GT_Template-2.xlsx / Academic Plan GT — DSBA coop
6,หลักสูตร DSBA มีรายวิชาในหมวดวิชาเลือกเสรีกี่รายวิชา?,2 รายวิชา,Curriculum Structure,ภาพรวมโครงสร้างหลักสูตร,,DSBA,coop,GT_Template-2.xlsx / Academic Plan GT — DSBA coop
7,ปีที่ 1 ภาคเรียนที่ 1 ของหลักสูตร DSBA ต้องเรียนกี่วิชา?,8 รายวิชา รวม 21 หน่วยกิต,Study Plan,แผนการศึกษา ปีที่ 1 ภาคเรียนที่ 1,,DSBA,coop,GT_Template-2.xlsx / Academic Plan GT — DSBA coop
8,รายวิชาที่ต้องเรียนในปีที่ 1 ภาคเรียนที่ 1 ของหลักสูตร DSBA มีอะไรบ้าง?,"06016401 คณิตศาสตร์สำหรับเทคโนโลยีสารสนเทศ, 06026200 แคลคูลัส 1, 06026202 พีชคณิตเชิงเส้น, 06066101 พื้นฐานทางธุรกิจสำหรับเทคโนโลยีสารสนเทศ, 06066303 การแก้ปัญหาและโปรแกรมคอมพิวเตอร์, 90641001 โรงเรียนสร้างเสน่าห์, 90641003 กีฬาและนันทนาการ, 90644007 ภาษาอังกฤษพื้นฐาน 1",Study Plan,แผนการศึกษา ปีที่ 1 ภาคเรียนที่ 1,,DSBA,coop,GT_Template-2.xlsx / Academic Plan GT — DSBA coop
9,ปีที่ 1 ภาคเรียนที่ 1 ของหลักสูตร DSBA รวมกี่หน่วยกิต?,21 หน่วยกิต,Study Plan,แผนการศึกษา ปีที่ 1 ภาคเรียนที่ 1,,DSBA,coop,GT_Template-2.xlsx / Academic Plan GT — DSBA coop
10,ปีที่ 1 ภาคเรียนที่ 2 ของหลักสูตร DSBA ต้องเรียนกี่วิชา?,7 รายวิชา รวม 21 หน่วยกิต,Study Plan,แผนการศึกษา ปีที่ 1 ภาคเรียนที่ 2,,DSBA,coop,GT_Template-2.xlsx / Academic Plan GT — DSBA coop
11,รายวิชาที่ต้องเรียนในปีที่ 1 ภาคเรียนที่ 2 ของหลักสูตร DSBA มีอะไรบ้าง?,"06026201 แคลคูลัส 2, 06026203 การโปรแกรมคอมพิวเตอร์, 06026205 การตลาดเบื้อต้น, 06066001 ความน่าจะเป็นและสถิติ, 90641002 ความฉลาดทางดิจิทัล, 90642033 กฎหมายสำหรับคนรุ่นใหม่, 90644008 ภาษาอังกฤษพื้นฐาน 2",Study Plan,แผนการศึกษา ปีที่ 1 ภาคเรียนที่ 2,,DSBA,coop,GT_Template-2.xlsx / Academic Plan GT — DSBA coop
12,ปีที่ 1 ภาคเรียนที่ 2 ของหลักสูตร DSBA รวมกี่หน่วยกิต?,21 หน่วยกิต,Study Plan,แผนการศึกษา ปีที่ 1 ภาคเรียนที่ 2,,DSBA,coop,GT_Template-2.xlsx / Academic Plan GT — DSBA coop
13,ปีที่ 2 ภาคเรียนที่ 1 ของหลักสูตร DSBA ต้องเรียนกี่วิชา?,6 รายวิชา รวม 18 หน่วยกิต,Study Plan,แผนการศึกษา ปีที่ 2 ภาคเรียนที่ 1,,DSBA,coop,GT_Template-2.xlsx / Academic Plan GT — DSBA coop
14,รายวิชาที่ต้องเรียนในปีที่ 2 ภาคเรียนที่ 1 ของหลักสูตร DSBA มีอะไรบ้าง?,"06026206 การวิเคราะห์ข้อมูลและการโปรแกรม, 06066000 คณิตศาสตร์ไม่ต่อเนื่อง, 06066300 แนวคิดระบบฐานข้อมูล, 06066302 การเขียนโปรแกรมเว็บพื้นฐาน, 06066304 การวิเคราะห์และอออกแบบระบบสารสนเทศ, 90644xxx วิชาเลือกภาษาและการสื่อสาร",Study Plan,แผนการศึกษา ปีที่ 2 ภาคเรียนที่ 1,,DSBA,coop,GT_Template-2.xlsx / Academic Plan GT — DSBA coop
15,ปีที่ 2 ภาคเรียนที่ 1 ของหลักสูตร DSBA รวมกี่หน่วยกิต?,18 หน่วยกิต,Study Plan,แผนการศึกษา ปีที่ 2 ภาคเรียนที่ 1,,DSBA,coop,GT_Template-2.xlsx / Academic Plan GT — DSBA coop
16,ปีที่ 2 ภาคเรียนที่ 2 ของหลักสูตร DSBA ต้องเรียนกี่วิชา?,7 รายวิชา รวม 21 หน่วยกิต,Study Plan,แผนการศึกษา ปีที่ 2 ภาคเรียนที่ 2,,DSBA,coop,GT_Template-2.xlsx / Academic Plan GT — DSBA coop
17,รายวิชาที่ต้องเรียนในปีที่ 2 ภาคเรียนที่ 2 ของหลักสูตร DSBA มีอะไรบ้าง?,"06026204 เครือข่ายและความมั่นคงทางไซเบอร์เบื่องต้น, 06026207 ระบบฐานข้อมูลแบบโนเอสคิวแอล, 06026208 พื้นฐานวิทยาการข้อมูล, 06026209 การแสดงข้อมูลด้วยแผนภาพ, 06026210 การหาค่าที่เหมาะที่สุด, 06066102 ระบบสารสนเทศเพื่อการจัดการ, 06066301 โครงสร้างข้อมูลและอัลกอริทึม",Study Plan,แผนการศึกษา ปีที่ 2 ภาคเรียนที่ 2,,DSBA,coop,GT_Template-2.xlsx / Academic Plan GT — DSBA coop
18,ปีที่ 2 ภาคเรียนที่ 2 ของหลักสูตร DSBA รวมกี่หน่วยกิต?,21 หน่วยกิต,Study Plan,แผนการศึกษา ปีที่ 2 ภาคเรียนที่ 2,,DSBA,coop,GT_Template-2.xlsx / Academic Plan GT — DSBA coop
19,ปีที่ 3 ภาคเรียนที่ 1 ของหลักสูตร DSBA ต้องเรียนกี่วิชา?,6 รายวิชา รวม 18 หน่วยกิต,Study Plan,แผนการศึกษา ปีที่ 3 ภาคเรียนที่ 1,,DSBA,coop,GT_Template-2.xlsx / Academic Plan GT — DSBA coop
20,รายวิชาที่ต้องเรียนในปีที่ 3 ภาคเรียนที่ 1 ของหลักสูตร DSBA มีอะไรบ้าง?,"06026211 การเรียนรู้ของเครื่องเชิงประยุกต์, 06026212 การสร้างคลังข้อมูล, 06026xxx วิชาเลือกกลุ่มวิทยาการข้อมูล 1 วิชาเลือกกลุ่มการวิเคราะห์เชิงสถิติ 1 วิชาเลือกกลุ่มวิศวกรรมข้อมูล 1, 06026xxx วิชาเลือกกลุ่มวิทยาการข้อมูล 2 วิชาเลือกกลุ่มการวิเคราะห์เชิงสถิติ 2 วิชาเลือกกลุ่มวิศวกรรมข้อมูล 2, 9064xxxx วิชาเลือกหมวดวิชาศึกษาทั่วไป, 90644042 การสื่อสารและการนำเสนออย่างมืออาชีพ",Study Plan,แผนการศึกษา ปีที่ 3 ภาคเรียนที่ 1,,DSBA,coop,GT_Template-2.xlsx / Academic Plan GT — DSBA coop
21,ปีที่ 3 ภาคเรียนที่ 1 ของหลักสูตร DSBA รวมกี่หน่วยกิต?,18 หน่วยกิต,Study Plan,แผนการศึกษา ปีที่ 3 ภาคเรียนที่ 1,,DSBA,coop,GT_Template-2.xlsx / Academic Plan GT — DSBA coop
22,ปีที่ 3 ภาคเรียนที่ 2 ของหลักสูตร DSBA ต้องเรียนกี่วิชา?,6 รายวิชา รวม 18 หน่วยกิต,Study Plan,แผนการศึกษา ปีที่ 3 ภาคเรียนที่ 2,,DSBA,coop,GT_Template-2.xlsx / Academic Plan GT — DSBA coop
23,รายวิชาที่ต้องเรียนในปีที่ 3 ภาคเรียนที่ 2 ของหลักสูตร DSBA มีอะไรบ้าง?,"06026213 ระบบข้อมูลมหัต, 06026214 โครงงานวิทยาการข้อมูลและการวิเคราะห์เชิงธุรกิจ 1, 06026xxx วิชาเลือกกลุ่มวิทยาการข้อมูล 3 วิชาเลือกกลุ่มการวิเคราะห์เชิงสถิติ 3 วิชาเลือกกลุ่มวิศวกรรมข้อมูล 3, 06026xxx วิชาเลือกกลุ่มวิทยาการข้อมูล 4 วิชาเลือกกลุ่มการวิเคราะห์เชิงสถิติ 4 วิชาเลือกกลุ่มวิศวกรรมข้อมูล 4, 06066100 การบริหารโครงการเทคโนโลยีสารสนเทศ, 90643021 ผู้ประกอบการสมัยใหม่",Study Plan,แผนการศึกษา ปีที่ 3 ภาคเรียนที่ 2,,DSBA,coop,GT_Template-2.xlsx / Academic Plan GT — DSBA coop
24,ปีที่ 3 ภาคเรียนที่ 2 ของหลักสูตร DSBA รวมกี่หน่วยกิต?,18 หน่วยกิต,Study Plan,แผนการศึกษา ปีที่ 3 ภาคเรียนที่ 2,,DSBA,coop,GT_Template-2.xlsx / Academic Plan GT — DSBA coop
25,ปีที่ 4 ภาคเรียนที่ 1 ของหลักสูตร DSBA ต้องเรียนกี่วิชา?,4 รายวิชา รวม 12 หน่วยกิต,Study Plan,แผนการศึกษา ปีที่ 4 ภาคเรียนที่ 1,,DSBA,coop,GT_Template-2.xlsx / Academic Plan GT — DSBA coop
26,รายวิชาที่ต้องเรียนในปีที่ 4 ภาคเรียนที่ 1 ของหลักสูตร DSBA มีอะไรบ้าง?,"06026215 โครงงานวิทยาการข้อมูลและการวิเคราะห์เชิงธุรกิจ 2, 9064xxxx วิชาเลือกหมวดวิชาศึกษาทั่วไป, xxxxxxxx วิชาเลือกเสรี 1, xxxxxxxx วิชาเลือกเสรี 2",Study Plan,แผนการศึกษา ปีที่ 4 ภาคเรียนที่ 1,,DSBA,coop,GT_Template-2.xlsx / Academic Plan GT — DSBA coop
27,ปีที่ 4 ภาคเรียนที่ 1 ของหลักสูตร DSBA รวมกี่หน่วยกิต?,12 หน่วยกิต,Study Plan,แผนการศึกษา ปีที่ 4 ภาคเรียนที่ 1,,DSBA,coop,GT_Template-2.xlsx / Academic Plan GT — DSBA coop
28,ปีที่ 4 ภาคเรียนที่ 2 ของหลักสูตร DSBA ต้องเรียนกี่วิชา?,1 รายวิชา รวม 6 หน่วยกิต,Study Plan,แผนการศึกษา ปีที่ 4 ภาคเรียนที่ 2,,DSBA,coop,GT_Template-2.xlsx / Academic Plan GT — DSBA coop
29,รายวิชาที่ต้องเรียนในปีที่ 4 ภาคเรียนที่ 2 ของหลักสูตร DSBA มีอะไรบ้าง?,06026259 หรือ 06026260 สหกิจศึกษาทางวิทยาการข้อมูลและการวิเคราะห์เชิงธุรกิจ สหกิจศึกษาต่างประเทศทางวิทยาการข้อมูลและการวิเคราะห์เชิงธุรกิจ,Study Plan,แผนการศึกษา ปีที่ 4 ภาคเรียนที่ 2,,DSBA,coop,GT_Template-2.xlsx / Academic Plan GT — DSBA coop
30,ปีที่ 4 ภาคเรียนที่ 2 ของหลักสูตร DSBA รวมกี่หน่วยกิต?,6 หน่วยกิต,Study Plan,แผนการศึกษา ปีที่ 4 ภาคเรียนที่ 2,,DSBA,coop,GT_Template-2.xlsx / Academic Plan GT — DSBA coop
31,รายวิชา 06016401 คือวิชาอะไร?,"คณิตศาสตร์สำหรับเทคโนโลยีสารสนเทศ (MATHEMATICS FOR INFORMATION TECHNOLOGY), 3(3-0-6) หน่วยกิต, หมวดวิชาเฉพาะ — บังคับ",Course Detail,แผนการศึกษา ปีที่ 1 ภาคเรียนที่ 1,,DSBA,coop,GT_Template-2.xlsx / Academic Plan GT — DSBA coop
32,รายวิชา 06016401 คณิตศาสตร์สำหรับเทคโนโลยีสารสนเทศ มีกี่หน่วยกิต?,3(3-0-6),Course Detail,แผนการศึกษา ปีที่ 1 ภาคเรียนที่ 1,,DSBA,coop,GT_Template-2.xlsx / Academic Plan GT — DSBA coop
33,ชื่อภาษาอังกฤษของรายวิชา 06016401 คณิตศาสตร์สำหรับเทคโนโลยีสารสนเทศ คืออะไร?,MATHEMATICS FOR INFORMATION TECHNOLOGY,Course Detail,แผนการศึกษา ปีที่ 1 ภาคเรียนที่ 1,,DSBA,coop,GT_Template-2.xlsx / Academic Plan GT — DSBA coop
34,รายวิชา 06016401 คณิตศาสตร์สำหรับเทคโนโลยีสารสนเทศ อยู่ในหมวดหมู่ใด?,"หมวดวิชาเฉพาะ, ประเภท: บังคับ",Course Classification,แผนการศึกษา ปีที่ 1 ภาคเรียนที่ 1,,DSBA,coop,GT_Template-2.xlsx / Academic Plan GT — DSBA coop
35,รายวิชา 06026200 คือวิชาอะไร?,"แคลคูลัส 1 (CALCULUS 1), 3(3-0-6) หน่วยกิต, หมวดวิชาเฉพาะ — บังคับ",Course Detail,แผนการศึกษา ปีที่ 1 ภาคเรียนที่ 1,,DSBA,coop,GT_Template-2.xlsx / Academic Plan GT — DSBA coop
36,รายวิชา 06026200 แคลคูลัส 1 มีกี่หน่วยกิต?,3(3-0-6),Course Detail,แผนการศึกษา ปีที่ 1 ภาคเรียนที่ 1,,DSBA,coop,GT_Template-2.xlsx / Academic Plan GT — DSBA coop
37,ชื่อภาษาอังกฤษของรายวิชา 06026200 แคลคูลัส 1 คืออะไร?,CALCULUS 1,Course Detail,แผนการศึกษา ปีที่ 1 ภาคเรียนที่ 1,,DSBA,coop,GT_Template-2.xlsx / Academic Plan GT — DSBA coop
38,รายวิชา 06026200 แคลคูลัส 1 อยู่ในหมวดหมู่ใด?,"หมวดวิชาเฉพาะ, ประเภท: บังคับ",Course Classification,แผนการศึกษา ปีที่ 1 ภาคเรียนที่ 1,,DSBA,coop,GT_Template-2.xlsx / Academic Plan GT — DSBA coop
39,รายวิชา 06026202 คือวิชาอะไร?,"พีชคณิตเชิงเส้น (LINEAR ALGEBRA), 3(3-0-6) หน่วยกิต, หมวดวิชาเฉพาะ — บังคับ",Course Detail,แผนการศึกษา ปีที่ 1 ภาคเรียนที่ 1,,DSBA,coop,GT_Template-2.xlsx / Academic Plan GT — DSBA coop
40,รายวิชา 06026202 พีชคณิตเชิงเส้น มีกี่หน่วยกิต?,3(3-0-6),Course Detail,แผนการศึกษา ปีที่ 1 ภาคเรียนที่ 1,,DSBA,coop,GT_Template-2.xlsx / Academic Plan GT — DSBA coop
41,ชื่อภาษาอังกฤษของรายวิชา 06026202 พีชคณิตเชิงเส้น คืออะไร?,LINEAR ALGEBRA,Course Detail,แผนการศึกษา ปีที่ 1 ภาคเรียนที่ 1,,DSBA,coop,GT_Template-2.xlsx / Academic Plan GT — DSBA coop
42,รายวิชา 06026202 พีชคณิตเชิงเส้น อยู่ในหมวดหมู่ใด?,"หมวดวิชาเฉพาะ, ประเภท: บังคับ",Course Classification,แผนการศึกษา ปีที่ 1 ภาคเรียนที่ 1,,DSBA,coop,GT_Template-2.xlsx / Academic Plan GT — DSBA coop
43,รายวิชา 06066101 คือวิชาอะไร?,"พื้นฐานทางธุรกิจสำหรับเทคโนโลยีสารสนเทศ (BUSINESS FUNDAMENTALS FOR INFORMATION TECHNOLOGY), 3(3-0-6) หน่วยกิต, หมวดวิชาเฉพาะ — บังคับ",Course Detail,แผนการศึกษา ปีที่ 1 ภาคเรียนที่ 1,,DSBA,coop,GT_Template-2.xlsx / Academic Plan GT — DSBA coop
44,รายวิชา 06066101 พื้นฐานทางธุรกิจสำหรับเทคโนโลยีสารสนเทศ มีกี่หน่วยกิต?,3(3-0-6),Course Detail,แผนการศึกษา ปีที่ 1 ภาคเรียนที่ 1,,DSBA,coop,GT_Template-2.xlsx / Academic Plan GT — DSBA coop
45,ชื่อภาษาอังกฤษของรายวิชา 06066101 พื้นฐานทางธุรกิจสำหรับเทคโนโลยีสารสนเทศ คืออะไร?,BUSINESS FUNDAMENTALS FOR INFORMATION TECHNOLOGY,Course Detail,แผนการศึกษา ปีที่ 1 ภาคเรียนที่ 1,,DSBA,coop,GT_Template-2.xlsx / Academic Plan GT — DSBA coop
46,รายวิชา 06066101 พื้นฐานทางธุรกิจสำหรับเทคโนโลยีสารสนเทศ อยู่ในหมวดหมู่ใด?,"หมวดวิชาเฉพาะ, ประเภท: บังคับ",Course Classification,แผนการศึกษา ปีที่ 1 ภาคเรียนที่ 1,,DSBA,coop,GT_Template-2.xlsx / Academic Plan GT — DSBA coop
47,รายวิชา 06066303 คือวิชาอะไร?,"การแก้ปัญหาและโปรแกรมคอมพิวเตอร์ (PROBLEM SOLVING AND COMPUTER PROGRAMMING), 3(2-2-5) หน่วยกิต, หมวดวิชาเฉพาะ — บังคับ",Course Detail,แผนการศึกษา ปีที่ 1 ภาคเรียนที่ 1,,DSBA,coop,GT_Template-2.xlsx / Academic Plan GT — DSBA coop
48,รายวิชา 06066303 การแก้ปัญหาและโปรแกรมคอมพิวเตอร์ มีกี่หน่วยกิต?,3(2-2-5),Course Detail,แผนการศึกษา ปีที่ 1 ภาคเรียนที่ 1,,DSBA,coop,GT_Template-2.xlsx / Academic Plan GT — DSBA coop
49,ชื่อภาษาอังกฤษของรายวิชา 06066303 การแก้ปัญหาและโปรแกรมคอมพิวเตอร์ คืออะไร?,PROBLEM SOLVING AND COMPUTER PROGRAMMING,Course Detail,แผนการศึกษา ปีที่ 1 ภาคเรียนที่ 1,,DSBA,coop,GT_Template-2.xlsx / Academic Plan GT — DSBA coop
50,รายวิชา 06066303 การแก้ปัญหาและโปรแกรมคอมพิวเตอร์ อยู่ในหมวดหมู่ใด?,"หมวดวิชาเฉพาะ, ประเภท: บังคับ",Course Classification,แผนการศึกษา ปีที่ 1 ภาคเรียนที่ 1,,DSBA,coop,GT_Template-2.xlsx / Academic Plan GT — DSBA coop
51,รายวิชา 90641001 คือวิชาอะไร?,"โรงเรียนสร้างเสน่าห์ (CHARM SCHOOL), 2(1-2-3) หน่วยกิต, หมวดวิชาศึกษาทั่วไป — บังคับ",Course Detail,แผนการศึกษา ปีที่ 1 ภาคเรียนที่ 1,,DSBA,coop,GT_Template-2.xlsx / Academic Plan GT — DSBA coop
52,รายวิชา 90641001 โรงเรียนสร้างเสน่าห์ มีกี่หน่วยกิต?,2(1-2-3),Course Detail,แผนการศึกษา ปีที่ 1 ภาคเรียนที่ 1,,DSBA,coop,GT_Template-2.xlsx / Academic Plan GT — DSBA coop
53,ชื่อภาษาอังกฤษของรายวิชา 90641001 โรงเรียนสร้างเสน่าห์ คืออะไร?,CHARM SCHOOL,Course Detail,แผนการศึกษา ปีที่ 1 ภาคเรียนที่ 1,,DSBA,coop,GT_Template-2.xlsx / Academic Plan GT — DSBA coop
54,รายวิชา 90641001 โรงเรียนสร้างเสน่าห์ อยู่ในหมวดหมู่ใด?,"หมวดวิชาศึกษาทั่วไป, ประเภท: บังคับ",Course Classification,แผนการศึกษา ปีที่ 1 ภาคเรียนที่ 1,,DSBA,coop,GT_Template-2.xlsx / Academic Plan GT — DSBA coop
55,รายวิชา 90641003 คือวิชาอะไร?,"กีฬาและนันทนาการ (SPORTS AND RECREATIONAL ACTIVITIES), 1(0-3-2) หน่วยกิต, หมวดวิชาศึกษาทั่วไป — บังคับ",Course Detail,แผนการศึกษา ปีที่ 1 ภาคเรียนที่ 1,,DSBA,coop,GT_Template-2.xlsx / Academic Plan GT — DSBA coop
56,รายวิชา 90641003 กีฬาและนันทนาการ มีกี่หน่วยกิต?,1(0-3-2),Course Detail,แผนการศึกษา ปีที่ 1 ภาคเรียนที่ 1,,DSBA,coop,GT_Template-2.xlsx / Academic Plan GT — DSBA coop
57,ชื่อภาษาอังกฤษของรายวิชา 90641003 กีฬาและนันทนาการ คืออะไร?,SPORTS AND RECREATIONAL ACTIVITIES,Course Detail,แผนการศึกษา ปีที่ 1 ภาคเรียนที่ 1,,DSBA,coop,GT_Template-2.xlsx / Academic Plan GT — DSBA coop
58,รายวิชา 90641003 กีฬาและนันทนาการ อยู่ในหมวดหมู่ใด?,"หมวดวิชาศึกษาทั่วไป, ประเภท: บังคับ",Course Classification,แผนการศึกษา ปีที่ 1 ภาคเรียนที่ 1,,DSBA,coop,GT_Template-2.xlsx / Academic Plan GT — DSBA coop
59,รายวิชา 90644007 คือวิชาอะไร?,"ภาษาอังกฤษพื้นฐาน 1 (FOUNDATION ENGLISH 1), 3(3-0-6) หน่วยกิต, หมวดวิชาศึกษาทั่วไป — บังคับ",Course Detail,แผนการศึกษา ปีที่ 1 ภาคเรียนที่ 1,,DSBA,coop,GT_Template-2.xlsx / Academic Plan GT — DSBA coop
60,รายวิชา 90644007 ภาษาอังกฤษพื้นฐาน 1 มีกี่หน่วยกิต?,3(3-0-6),Course Detail,แผนการศึกษา ปีที่ 1 ภาคเรียนที่ 1,,DSBA,coop,GT_Template-2.xlsx / Academic Plan GT — DSBA coop
61,ชื่อภาษาอังกฤษของรายวิชา 90644007 ภาษาอังกฤษพื้นฐาน 1 คืออะไร?,FOUNDATION ENGLISH 1,Course Detail,แผนการศึกษา ปีที่ 1 ภาคเรียนที่ 1,,DSBA,coop,GT_Template-2.xlsx / Academic Plan GT — DSBA coop
62,รายวิชา 90644007 ภาษาอังกฤษพื้นฐาน 1 อยู่ในหมวดหมู่ใด?,"หมวดวิชาศึกษาทั่วไป, ประเภท: บังคับ",Course Classification,แผนการศึกษา ปีที่ 1 ภาคเรียนที่ 1,,DSBA,coop,GT_Template-2.xlsx / Academic Plan GT — DSBA coop
63,รายวิชา 06026201 คือวิชาอะไร?,"แคลคูลัส 2 (CALCULUS 2), 3(3-0-6) หน่วยกิต, หมวดวิชาเฉพาะ — บังคับ",Course Detail,แผนการศึกษา ปีที่ 1 ภาคเรียนที่ 2,,DSBA,coop,GT_Template-2.xlsx / Academic Plan GT — DSBA coop
64,รายวิชา 06026201 แคลคูลัส 2 มีกี่หน่วยกิต?,3(3-0-6),Course Detail,แผนการศึกษา ปีที่ 1 ภาคเรียนที่ 2,,DSBA,coop,GT_Template-2.xlsx / Academic Plan GT — DSBA coop
65,ชื่อภาษาอังกฤษของรายวิชา 06026201 แคลคูลัส 2 คืออะไร?,CALCULUS 2,Course Detail,แผนการศึกษา ปีที่ 1 ภาคเรียนที่ 2,,DSBA,coop,GT_Template-2.xlsx / Academic Plan GT — DSBA coop
66,รายวิชา 06026201 แคลคูลัส 2 มีวิชาบังคับก่อน (prerequisite) หรือไม่? ถ้ามีคือวิชาอะไร?,มี — 06026200 (แคลคูลัส 1),Prerequisite,แผนการศึกษา ปีที่ 1 ภาคเรียนที่ 2,ข้อบังคับฯ — เกณฑ์การลงทะเบียน: ต้องผ่านวิชาบังคับก่อนตามที่หลักสูตรกำหนด,DSBA,coop,GT_Template-2.xlsx / Academic Plan GT — DSBA coop
67,รายวิชา 06026201 แคลคูลัส 2 อยู่ในหมวดหมู่ใด?,"หมวดวิชาเฉพาะ, ประเภท: บังคับ",Course Classification,แผนการศึกษา ปีที่ 1 ภาคเรียนที่ 2,,DSBA,coop,GT_Template-2.xlsx / Academic Plan GT — DSBA coop
68,รายวิชา 06026203 คือวิชาอะไร?,"การโปรแกรมคอมพิวเตอร์ (COMPUTER PROGRAMMING), 3(2-2-5) หน่วยกิต, หมวดวิชาเฉพาะ — บังคับ",Course Detail,แผนการศึกษา ปีที่ 1 ภาคเรียนที่ 2,,DSBA,coop,GT_Template-2.xlsx / Academic Plan GT — DSBA coop
69,รายวิชา 06026203 การโปรแกรมคอมพิวเตอร์ มีกี่หน่วยกิต?,3(2-2-5),Course Detail,แผนการศึกษา ปีที่ 1 ภาคเรียนที่ 2,,DSBA,coop,GT_Template-2.xlsx / Academic Plan GT — DSBA coop
70,ชื่อภาษาอังกฤษของรายวิชา 06026203 การโปรแกรมคอมพิวเตอร์ คืออะไร?,COMPUTER PROGRAMMING,Course Detail,แผนการศึกษา ปีที่ 1 ภาคเรียนที่ 2,,DSBA,coop,GT_Template-2.xlsx / Academic Plan GT — DSBA coop
71,รายวิชา 06026203 การโปรแกรมคอมพิวเตอร์ อยู่ในหมวดหมู่ใด?,"หมวดวิชาเฉพาะ, ประเภท: บังคับ",Course Classification,แผนการศึกษา ปีที่ 1 ภาคเรียนที่ 2,,DSBA,coop,GT_Template-2.xlsx / Academic Plan GT — DSBA coop
72,รายวิชา 06026205 คือวิชาอะไร?,"การตลาดเบื้อต้น (INTRODUCTION TO MARKETING), 3(3-0-6) หน่วยกิต, หมวดวิชาเฉพาะ — บังคับ",Course Detail,แผนการศึกษา ปีที่ 1 ภาคเรียนที่ 2,,DSBA,coop,GT_Template-2.xlsx / Academic Plan GT — DSBA coop
73,รายวิชา 06026205 การตลาดเบื้อต้น มีกี่หน่วยกิต?,3(3-0-6),Course Detail,แผนการศึกษา ปีที่ 1 ภาคเรียนที่ 2,,DSBA,coop,GT_Template-2.xlsx / Academic Plan GT — DSBA coop
74,ชื่อภาษาอังกฤษของรายวิชา 06026205 การตลาดเบื้อต้น คืออะไร?,INTRODUCTION TO MARKETING,Course Detail,แผนการศึกษา ปีที่ 1 ภาคเรียนที่ 2,,DSBA,coop,GT_Template-2.xlsx / Academic Plan GT — DSBA coop
75,รายวิชา 06026205 การตลาดเบื้อต้น อยู่ในหมวดหมู่ใด?,"หมวดวิชาเฉพาะ, ประเภท: บังคับ",Course Classification,แผนการศึกษา ปีที่ 1 ภาคเรียนที่ 2,,DSBA,coop,GT_Template-2.xlsx / Academic Plan GT — DSBA coop
76,รายวิชา 06066001 คือวิชาอะไร?,"ความน่าจะเป็นและสถิติ (PROBABILITY AND STATISTICS), 3(3-0-6) หน่วยกิต, หมวดวิชาเฉพาะ — บังคับ",Course Detail,แผนการศึกษา ปีที่ 1 ภาคเรียนที่ 2,,DSBA,coop,GT_Template-2.xlsx / Academic Plan GT — DSBA coop
77,รายวิชา 06066001 ความน่าจะเป็นและสถิติ มีกี่หน่วยกิต?,3(3-0-6),Course Detail,แผนการศึกษา ปีที่ 1 ภาคเรียนที่ 2,,DSBA,coop,GT_Template-2.xlsx / Academic Plan GT — DSBA coop
78,ชื่อภาษาอังกฤษของรายวิชา 06066001 ความน่าจะเป็นและสถิติ คืออะไร?,PROBABILITY AND STATISTICS,Course Detail,แผนการศึกษา ปีที่ 1 ภาคเรียนที่ 2,,DSBA,coop,GT_Template-2.xlsx / Academic Plan GT — DSBA coop
79,รายวิชา 06066001 ความน่าจะเป็นและสถิติ อยู่ในหมวดหมู่ใด?,"หมวดวิชาเฉพาะ, ประเภท: บังคับ",Course Classification,แผนการศึกษา ปีที่ 1 ภาคเรียนที่ 2,,DSBA,coop,GT_Template-2.xlsx / Academic Plan GT — DSBA coop
80,รายวิชา 90641002 คือวิชาอะไร?,"ความฉลาดทางดิจิทัล (DIGITAL INTELLIGENCE QUOTIENT), 3(3-0-6) หน่วยกิต, หมวดวิชาศึกษาทั่วไป — บังคับ",Course Detail,แผนการศึกษา ปีที่ 1 ภาคเรียนที่ 2,,DSBA,coop,GT_Template-2.xlsx / Academic Plan GT — DSBA coop
81,รายวิชา 90641002 ความฉลาดทางดิจิทัล มีกี่หน่วยกิต?,3(3-0-6),Course Detail,แผนการศึกษา ปีที่ 1 ภาคเรียนที่ 2,,DSBA,coop,GT_Template-2.xlsx / Academic Plan GT — DSBA coop
82,ชื่อภาษาอังกฤษของรายวิชา 90641002 ความฉลาดทางดิจิทัล คืออะไร?,DIGITAL INTELLIGENCE QUOTIENT,Course Detail,แผนการศึกษา ปีที่ 1 ภาคเรียนที่ 2,,DSBA,coop,GT_Template-2.xlsx / Academic Plan GT — DSBA coop
83,รายวิชา 90641002 ความฉลาดทางดิจิทัล อยู่ในหมวดหมู่ใด?,"หมวดวิชาศึกษาทั่วไป, ประเภท: บังคับ",Course Classification,แผนการศึกษา ปีที่ 1 ภาคเรียนที่ 2,,DSBA,coop,GT_Template-2.xlsx / Academic Plan GT — DSBA coop
84,รายวิชา 90642033 คือวิชาอะไร?,"กฎหมายสำหรับคนรุ่นใหม่ (LAW FOR NEW GENERATION), 3(3-0-6) หน่วยกิต, หมวดวิชาศึกษาทั่วไป — บังคับ",Course Detail,แผนการศึกษา ปีที่ 1 ภาคเรียนที่ 2,,DSBA,coop,GT_Template-2.xlsx / Academic Plan GT — DSBA coop
85,รายวิชา 90642033 กฎหมายสำหรับคนรุ่นใหม่ มีกี่หน่วยกิต?,3(3-0-6),Course Detail,แผนการศึกษา ปีที่ 1 ภาคเรียนที่ 2,,DSBA,coop,GT_Template-2.xlsx / Academic Plan GT — DSBA coop
86,ชื่อภาษาอังกฤษของรายวิชา 90642033 กฎหมายสำหรับคนรุ่นใหม่ คืออะไร?,LAW FOR NEW GENERATION,Course Detail,แผนการศึกษา ปีที่ 1 ภาคเรียนที่ 2,,DSBA,coop,GT_Template-2.xlsx / Academic Plan GT — DSBA coop
87,รายวิชา 90642033 กฎหมายสำหรับคนรุ่นใหม่ อยู่ในหมวดหมู่ใด?,"หมวดวิชาศึกษาทั่วไป, ประเภท: บังคับ",Course Classification,แผนการศึกษา ปีที่ 1 ภาคเรียนที่ 2,,DSBA,coop,GT_Template-2.xlsx / Academic Plan GT — DSBA coop
88,รายวิชา 90644008 คือวิชาอะไร?,"ภาษาอังกฤษพื้นฐาน 2 (FOUNDATION ENGLISH 2), 3(3-0-6) หน่วยกิต, หมวดวิชาศึกษาทั่วไป — บังคับ",Course Detail,แผนการศึกษา ปีที่ 1 ภาคเรียนที่ 2,,DSBA,coop,GT_Template-2.xlsx / Academic Plan GT — DSBA coop
89,รายวิชา 90644008 ภาษาอังกฤษพื้นฐาน 2 มีกี่หน่วยกิต?,3(3-0-6),Course Detail,แผนการศึกษา ปีที่ 1 ภาคเรียนที่ 2,,DSBA,coop,GT_Template-2.xlsx / Academic Plan GT — DSBA coop
90,ชื่อภาษาอังกฤษของรายวิชา 90644008 ภาษาอังกฤษพื้นฐาน 2 คืออะไร?,FOUNDATION ENGLISH 2,Course Detail,แผนการศึกษา ปีที่ 1 ภาคเรียนที่ 2,,DSBA,coop,GT_Template-2.xlsx / Academic Plan GT — DSBA coop
91,รายวิชา 90644008 ภาษาอังกฤษพื้นฐาน 2 อยู่ในหมวดหมู่ใด?,"หมวดวิชาศึกษาทั่วไป, ประเภท: บังคับ",Course Classification,แผนการศึกษา ปีที่ 1 ภาคเรียนที่ 2,,DSBA,coop,GT_Template-2.xlsx / Academic Plan GT — DSBA coop
92,รายวิชา 06026206 คือวิชาอะไร?,"การวิเคราะห์ข้อมูลและการโปรแกรม (DATA ANALYTICS AND PROGRAMMING), 3(2-2-5) หน่วยกิต, หมวดวิชาเฉพาะ — บังคับ",Course Detail,แผนการศึกษา ปีที่ 2 ภาคเรียนที่ 1,,DSBA,coop,GT_Template-2.xlsx / Academic Plan GT — DSBA coop
93,รายวิชา 06026206 การวิเคราะห์ข้อมูลและการโปรแกรม มีกี่หน่วยกิต?,3(2-2-5),Course Detail,แผนการศึกษา ปีที่ 2 ภาคเรียนที่ 1,,DSBA,coop,GT_Template-2.xlsx / Academic Plan GT — DSBA coop
94,ชื่อภาษาอังกฤษของรายวิชา 06026206 การวิเคราะห์ข้อมูลและการโปรแกรม คืออะไร?,DATA ANALYTICS AND PROGRAMMING,Course Detail,แผนการศึกษา ปีที่ 2 ภาคเรียนที่ 1,,DSBA,coop,GT_Template-2.xlsx / Academic Plan GT — DSBA coop
95,รายวิชา 06026206 การวิเคราะห์ข้อมูลและการโปรแกรม อยู่ในหมวดหมู่ใด?,"หมวดวิชาเฉพาะ, ประเภท: บังคับ",Course Classification,แผนการศึกษา ปีที่ 2 ภาคเรียนที่ 1,,DSBA,coop,GT_Template-2.xlsx / Academic Plan GT — DSBA coop
96,รายวิชา 06066000 คือวิชาอะไร?,"คณิตศาสตร์ไม่ต่อเนื่อง (DISCRETE MATHEMATICS), 3(3-0-6) หน่วยกิต, หมวดวิชาเฉพาะ — บังคับ",Course Detail,แผนการศึกษา ปีที่ 2 ภาคเรียนที่ 1,,DSBA,coop,GT_Template-2.xlsx / Academic Plan GT — DSBA coop
97,รายวิชา 06066000 คณิตศาสตร์ไม่ต่อเนื่อง มีกี่หน่วยกิต?,3(3-0-6),Course Detail,แผนการศึกษา ปีที่ 2 ภาคเรียนที่ 1,,DSBA,coop,GT_Template-2.xlsx / Academic Plan GT — DSBA coop
98,ชื่อภาษาอังกฤษของรายวิชา 06066000 คณิตศาสตร์ไม่ต่อเนื่อง คืออะไร?,DISCRETE MATHEMATICS,Course Detail,แผนการศึกษา ปีที่ 2 ภาคเรียนที่ 1,,DSBA,coop,GT_Template-2.xlsx / Academic Plan GT — DSBA coop
99,รายวิชา 06066000 คณิตศาสตร์ไม่ต่อเนื่อง อยู่ในหมวดหมู่ใด?,"หมวดวิชาเฉพาะ, ประเภท: บังคับ",Course Classification,แผนการศึกษา ปีที่ 2 ภาคเรียนที่ 1,,DSBA,coop,GT_Template-2.xlsx / Academic Plan GT — DSBA coop
100,รายวิชา 06066300 คือวิชาอะไร?,"แนวคิดระบบฐานข้อมูล (DATABASE SYSTEM CONCEPTS), 3(2-2-5) หน่วยกิต, หมวดวิชาเฉพาะ — บังคับ",Course Detail,แผนการศึกษา ปีที่ 2 ภาคเรียนที่ 1,,DSBA,coop,GT_Template-2.xlsx / Academic Plan GT — DSBA coop
101,รายวิชา 06066300 แนวคิดระบบฐานข้อมูล มีกี่หน่วยกิต?,3(2-2-5),Course Detail,แผนการศึกษา ปีที่ 2 ภาคเรียนที่ 1,,DSBA,coop,GT_Template-2.xlsx / Academic Plan GT — DSBA coop
102,ชื่อภาษาอังกฤษของรายวิชา 06066300 แนวคิดระบบฐานข้อมูล คืออะไร?,DATABASE SYSTEM CONCEPTS,Course Detail,แผนการศึกษา ปีที่ 2 ภาคเรียนที่ 1,,DSBA,coop,GT_Template-2.xlsx / Academic Plan GT — DSBA coop
103,รายวิชา 06066300 แนวคิดระบบฐานข้อมูล อยู่ในหมวดหมู่ใด?,"หมวดวิชาเฉพาะ, ประเภท: บังคับ",Course Classification,แผนการศึกษา ปีที่ 2 ภาคเรียนที่ 1,,DSBA,coop,GT_Template-2.xlsx / Academic Plan GT — DSBA coop
104,รายวิชา 06066302 คือวิชาอะไร?,"การเขียนโปรแกรมเว็บพื้นฐาน (FUNDAMENTAL WEB PROGRAMMING), 3(2-2-5) หน่วยกิต, หมวดวิชาเฉพาะ — บังคับ",Course Detail,แผนการศึกษา ปีที่ 2 ภาคเรียนที่ 1,,DSBA,coop,GT_Template-2.xlsx / Academic Plan GT — DSBA coop
105,รายวิชา 06066302 การเขียนโปรแกรมเว็บพื้นฐาน มีกี่หน่วยกิต?,3(2-2-5),Course Detail,แผนการศึกษา ปีที่ 2 ภาคเรียนที่ 1,,DSBA,coop,GT_Template-2.xlsx / Academic Plan GT — DSBA coop
106,ชื่อภาษาอังกฤษของรายวิชา 06066302 การเขียนโปรแกรมเว็บพื้นฐาน คืออะไร?,FUNDAMENTAL WEB PROGRAMMING,Course Detail,แผนการศึกษา ปีที่ 2 ภาคเรียนที่ 1,,DSBA,coop,GT_Template-2.xlsx / Academic Plan GT — DSBA coop
107,รายวิชา 06066302 การเขียนโปรแกรมเว็บพื้นฐาน อยู่ในหมวดหมู่ใด?,"หมวดวิชาเฉพาะ, ประเภท: บังคับ",Course Classification,แผนการศึกษา ปีที่ 2 ภาคเรียนที่ 1,,DSBA,coop,GT_Template-2.xlsx / Academic Plan GT — DSBA coop
108,รายวิชา 06066304 คือวิชาอะไร?,"การวิเคราะห์และอออกแบบระบบสารสนเทศ (INFORMATION SYSTEM ANALYSIS AND DESIGN), 3(3-0-6) หน่วยกิต, หมวดวิชาเฉพาะ — บังคับ",Course Detail,แผนการศึกษา ปีที่ 2 ภาคเรียนที่ 1,,DSBA,coop,GT_Template-2.xlsx / Academic Plan GT — DSBA coop
109,รายวิชา 06066304 การวิเคราะห์และอออกแบบระบบสารสนเทศ มีกี่หน่วยกิต?,3(3-0-6),Course Detail,แผนการศึกษา ปีที่ 2 ภาคเรียนที่ 1,,DSBA,coop,GT_Template-2.xlsx / Academic Plan GT — DSBA coop
110,ชื่อภาษาอังกฤษของรายวิชา 06066304 การวิเคราะห์และอออกแบบระบบสารสนเทศ คืออะไร?,INFORMATION SYSTEM ANALYSIS AND DESIGN,Course Detail,แผนการศึกษา ปีที่ 2 ภาคเรียนที่ 1,,DSBA,coop,GT_Template-2.xlsx / Academic Plan GT — DSBA coop
111,รายวิชา 06066304 การวิเคราะห์และอออกแบบระบบสารสนเทศ อยู่ในหมวดหมู่ใด?,"หมวดวิชาเฉพาะ, ประเภท: บังคับ",Course Classification,แผนการศึกษา ปีที่ 2 ภาคเรียนที่ 1,,DSBA,coop,GT_Template-2.xlsx / Academic Plan GT — DSBA coop
112,รายวิชา 06026204 คือวิชาอะไร?,"เครือข่ายและความมั่นคงทางไซเบอร์เบื่องต้น (INTRODUCTION TO NETWORKS AND CYBERSECURITY), 3(3-0-6) หน่วยกิต, หมวดวิชาเฉพาะ — บังคับ",Course Detail,แผนการศึกษา ปีที่ 2 ภาคเรียนที่ 2,,DSBA,coop,GT_Template-2.xlsx / Academic Plan GT — DSBA coop
113,รายวิชา 06026204 เครือข่ายและความมั่นคงทางไซเบอร์เบื่องต้น มีกี่หน่วยกิต?,3(3-0-6),Course Detail,แผนการศึกษา ปีที่ 2 ภาคเรียนที่ 2,,DSBA,coop,GT_Template-2.xlsx / Academic Plan GT — DSBA coop
114,ชื่อภาษาอังกฤษของรายวิชา 06026204 เครือข่ายและความมั่นคงทางไซเบอร์เบื่องต้น คืออะไร?,INTRODUCTION TO NETWORKS AND CYBERSECURITY,Course Detail,แผนการศึกษา ปีที่ 2 ภาคเรียนที่ 2,,DSBA,coop,GT_Template-2.xlsx / Academic Plan GT — DSBA coop
115,รายวิชา 06026204 เครือข่ายและความมั่นคงทางไซเบอร์เบื่องต้น อยู่ในหมวดหมู่ใด?,"หมวดวิชาเฉพาะ, ประเภท: บังคับ",Course Classification,แผนการศึกษา ปีที่ 2 ภาคเรียนที่ 2,,DSBA,coop,GT_Template-2.xlsx / Academic Plan GT — DSBA coop
116,รายวิชา 06026207 คือวิชาอะไร?,"ระบบฐานข้อมูลแบบโนเอสคิวแอล (NOSQL DATABASE SYSTEMS), 3(2-2-5) หน่วยกิต, หมวดวิชาเฉพาะ — บังคับ",Course Detail,แผนการศึกษา ปีที่ 2 ภาคเรียนที่ 2,,DSBA,coop,GT_Template-2.xlsx / Academic Plan GT — DSBA coop
117,รายวิชา 06026207 ระบบฐานข้อมูลแบบโนเอสคิวแอล มีกี่หน่วยกิต?,3(2-2-5),Course Detail,แผนการศึกษา ปีที่ 2 ภาคเรียนที่ 2,,DSBA,coop,GT_Template-2.xlsx / Academic Plan GT — DSBA coop
118,ชื่อภาษาอังกฤษของรายวิชา 06026207 ระบบฐานข้อมูลแบบโนเอสคิวแอล คืออะไร?,NOSQL DATABASE SYSTEMS,Course Detail,แผนการศึกษา ปีที่ 2 ภาคเรียนที่ 2,,DSBA,coop,GT_Template-2.xlsx / Academic Plan GT — DSBA coop
119,รายวิชา 06026207 ระบบฐานข้อมูลแบบโนเอสคิวแอล อยู่ในหมวดหมู่ใด?,"หมวดวิชาเฉพาะ, ประเภท: บังคับ",Course Classification,แผนการศึกษา ปีที่ 2 ภาคเรียนที่ 2,,DSBA,coop,GT_Template-2.xlsx / Academic Plan GT — DSBA coop
120,รายวิชา 06026208 คือวิชาอะไร?,"พื้นฐานวิทยาการข้อมูล (FUNDAMENTALS OF DATA SCIENCE), 3(3-0-6) หน่วยกิต, หมวดวิชาเฉพาะ — บังคับ",Course Detail,แผนการศึกษา ปีที่ 2 ภาคเรียนที่ 2,,DSBA,coop,GT_Template-2.xlsx / Academic Plan GT — DSBA coop
121,รายวิชา 06026208 พื้นฐานวิทยาการข้อมูล มีกี่หน่วยกิต?,3(3-0-6),Course Detail,แผนการศึกษา ปีที่ 2 ภาคเรียนที่ 2,,DSBA,coop,GT_Template-2.xlsx / Academic Plan GT — DSBA coop
122,ชื่อภาษาอังกฤษของรายวิชา 06026208 พื้นฐานวิทยาการข้อมูล คืออะไร?,FUNDAMENTALS OF DATA SCIENCE,Course Detail,แผนการศึกษา ปีที่ 2 ภาคเรียนที่ 2,,DSBA,coop,GT_Template-2.xlsx / Academic Plan GT — DSBA coop
123,รายวิชา 06026208 พื้นฐานวิทยาการข้อมูล อยู่ในหมวดหมู่ใด?,"หมวดวิชาเฉพาะ, ประเภท: บังคับ",Course Classification,แผนการศึกษา ปีที่ 2 ภาคเรียนที่ 2,,DSBA,coop,GT_Template-2.xlsx / Academic Plan GT — DSBA coop
124,รายวิชา 06026209 คือวิชาอะไร?,"การแสดงข้อมูลด้วยแผนภาพ (DATA VISUALIZATION), 3(2-2-5) หน่วยกิต, หมวดวิชาเฉพาะ — บังคับ",Course Detail,แผนการศึกษา ปีที่ 2 ภาคเรียนที่ 2,,DSBA,coop,GT_Template-2.xlsx / Academic Plan GT — DSBA coop
125,รายวิชา 06026209 การแสดงข้อมูลด้วยแผนภาพ มีกี่หน่วยกิต?,3(2-2-5),Course Detail,แผนการศึกษา ปีที่ 2 ภาคเรียนที่ 2,,DSBA,coop,GT_Template-2.xlsx / Academic Plan GT — DSBA coop
126,ชื่อภาษาอังกฤษของรายวิชา 06026209 การแสดงข้อมูลด้วยแผนภาพ คืออะไร?,DATA VISUALIZATION,Course Detail,แผนการศึกษา ปีที่ 2 ภาคเรียนที่ 2,,DSBA,coop,GT_Template-2.xlsx / Academic Plan GT — DSBA coop
127,รายวิชา 06026209 การแสดงข้อมูลด้วยแผนภาพ อยู่ในหมวดหมู่ใด?,"หมวดวิชาเฉพาะ, ประเภท: บังคับ",Course Classification,แผนการศึกษา ปีที่ 2 ภาคเรียนที่ 2,,DSBA,coop,GT_Template-2.xlsx / Academic Plan GT — DSBA coop
128,รายวิชา 06026210 คือวิชาอะไร?,"การหาค่าที่เหมาะที่สุด (OPTIMIZATION), 3(3-0-6) หน่วยกิต, หมวดวิชาเฉพาะ — บังคับ",Course Detail,แผนการศึกษา ปีที่ 2 ภาคเรียนที่ 2,,DSBA,coop,GT_Template-2.xlsx / Academic Plan GT — DSBA coop
129,รายวิชา 06026210 การหาค่าที่เหมาะที่สุด มีกี่หน่วยกิต?,3(3-0-6),Course Detail,แผนการศึกษา ปีที่ 2 ภาคเรียนที่ 2,,DSBA,coop,GT_Template-2.xlsx / Academic Plan GT — DSBA coop
130,ชื่อภาษาอังกฤษของรายวิชา 06026210 การหาค่าที่เหมาะที่สุด คืออะไร?,OPTIMIZATION,Course Detail,แผนการศึกษา ปีที่ 2 ภาคเรียนที่ 2,,DSBA,coop,GT_Template-2.xlsx / Academic Plan GT — DSBA coop
131,รายวิชา 06026210 การหาค่าที่เหมาะที่สุด อยู่ในหมวดหมู่ใด?,"หมวดวิชาเฉพาะ, ประเภท: บังคับ",Course Classification,แผนการศึกษา ปีที่ 2 ภาคเรียนที่ 2,,DSBA,coop,GT_Template-2.xlsx / Academic Plan GT — DSBA coop
132,รายวิชา 06066102 คือวิชาอะไร?,"ระบบสารสนเทศเพื่อการจัดการ (MANAGEMENT INFORMATION SYSTEMS), 3(3-0-6) หน่วยกิต, หมวดวิชาเฉพาะ — บังคับ",Course Detail,แผนการศึกษา ปีที่ 2 ภาคเรียนที่ 2,,DSBA,coop,GT_Template-2.xlsx / Academic Plan GT — DSBA coop
133,รายวิชา 06066102 ระบบสารสนเทศเพื่อการจัดการ มีกี่หน่วยกิต?,3(3-0-6),Course Detail,แผนการศึกษา ปีที่ 2 ภาคเรียนที่ 2,,DSBA,coop,GT_Template-2.xlsx / Academic Plan GT — DSBA coop
134,ชื่อภาษาอังกฤษของรายวิชา 06066102 ระบบสารสนเทศเพื่อการจัดการ คืออะไร?,MANAGEMENT INFORMATION SYSTEMS,Course Detail,แผนการศึกษา ปีที่ 2 ภาคเรียนที่ 2,,DSBA,coop,GT_Template-2.xlsx / Academic Plan GT — DSBA coop
135,รายวิชา 06066102 ระบบสารสนเทศเพื่อการจัดการ มีวิชาบังคับก่อน (prerequisite) หรือไม่? ถ้ามีคือวิชาอะไร?,มี — 06066101 (พื้นฐานทางธุรกิจสำหรับเทคโนโลยีสารสนเทศ),Prerequisite,แผนการศึกษา ปีที่ 2 ภาคเรียนที่ 2,ข้อบังคับฯ — เกณฑ์การลงทะเบียน: ต้องผ่านวิชาบังคับก่อนตามที่หลักสูตรกำหนด,DSBA,coop,GT_Template-2.xlsx / Academic Plan GT — DSBA coop
136,รายวิชา 06066102 ระบบสารสนเทศเพื่อการจัดการ อยู่ในหมวดหมู่ใด?,"หมวดวิชาเฉพาะ, ประเภท: บังคับ",Course Classification,แผนการศึกษา ปีที่ 2 ภาคเรียนที่ 2,,DSBA,coop,GT_Template-2.xlsx / Academic Plan GT — DSBA coop
137,รายวิชา 06066301 คือวิชาอะไร?,"โครงสร้างข้อมูลและอัลกอริทึม (DATA STRUCTURES AND ALGORITHMS), 3(2-2-5) หน่วยกิต, หมวดวิชาเฉพาะ — บังคับ",Course Detail,แผนการศึกษา ปีที่ 2 ภาคเรียนที่ 2,,DSBA,coop,GT_Template-2.xlsx / Academic Plan GT — DSBA coop
138,รายวิชา 06066301 โครงสร้างข้อมูลและอัลกอริทึม มีกี่หน่วยกิต?,3(2-2-5),Course Detail,แผนการศึกษา ปีที่ 2 ภาคเรียนที่ 2,,DSBA,coop,GT_Template-2.xlsx / Academic Plan GT — DSBA coop
139,ชื่อภาษาอังกฤษของรายวิชา 06066301 โครงสร้างข้อมูลและอัลกอริทึม คืออะไร?,DATA STRUCTURES AND ALGORITHMS,Course Detail,แผนการศึกษา ปีที่ 2 ภาคเรียนที่ 2,,DSBA,coop,GT_Template-2.xlsx / Academic Plan GT — DSBA coop
140,รายวิชา 06066301 โครงสร้างข้อมูลและอัลกอริทึม อยู่ในหมวดหมู่ใด?,"หมวดวิชาเฉพาะ, ประเภท: บังคับ",Course Classification,แผนการศึกษา ปีที่ 2 ภาคเรียนที่ 2,,DSBA,coop,GT_Template-2.xlsx / Academic Plan GT — DSBA coop
141,รายวิชา 06026211 คือวิชาอะไร?,"การเรียนรู้ของเครื่องเชิงประยุกต์ (APPLIED MACHINE LEARNING), 3(2-2-5) หน่วยกิต, หมวดวิชาเฉพาะ — บังคับ",Course Detail,แผนการศึกษา ปีที่ 3 ภาคเรียนที่ 1,,DSBA,coop,GT_Template-2.xlsx / Academic Plan GT — DSBA coop
142,รายวิชา 06026211 การเรียนรู้ของเครื่องเชิงประยุกต์ มีกี่หน่วยกิต?,3(2-2-5),Course Detail,แผนการศึกษา ปีที่ 3 ภาคเรียนที่ 1,,DSBA,coop,GT_Template-2.xlsx / Academic Plan GT — DSBA coop
143,ชื่อภาษาอังกฤษของรายวิชา 06026211 การเรียนรู้ของเครื่องเชิงประยุกต์ คืออะไร?,APPLIED MACHINE LEARNING,Course Detail,แผนการศึกษา ปีที่ 3 ภาคเรียนที่ 1,,DSBA,coop,GT_Template-2.xlsx / Academic Plan GT — DSBA coop
144,รายวิชา 06026211 การเรียนรู้ของเครื่องเชิงประยุกต์ อยู่ในหมวดหมู่ใด?,"หมวดวิชาเฉพาะ, ประเภท: บังคับ",Course Classification,แผนการศึกษา ปีที่ 3 ภาคเรียนที่ 1,,DSBA,coop,GT_Template-2.xlsx / Academic Plan GT — DSBA coop
145,รายวิชา 06026212 คือวิชาอะไร?,"การสร้างคลังข้อมูล (DATA WAREHOUSING), 3(2-2-5) หน่วยกิต, หมวดวิชาเฉพาะ — บังคับ",Course Detail,แผนการศึกษา ปีที่ 3 ภาคเรียนที่ 1,,DSBA,coop,GT_Template-2.xlsx / Academic Plan GT — DSBA coop
146,รายวิชา 06026212 การสร้างคลังข้อมูล มีกี่หน่วยกิต?,3(2-2-5),Course Detail,แผนการศึกษา ปีที่ 3 ภาคเรียนที่ 1,,DSBA,coop,GT_Template-2.xlsx / Academic Plan GT — DSBA coop
147,ชื่อภาษาอังกฤษของรายวิชา 06026212 การสร้างคลังข้อมูล คืออะไร?,DATA WAREHOUSING,Course Detail,แผนการศึกษา ปีที่ 3 ภาคเรียนที่ 1,,DSBA,coop,GT_Template-2.xlsx / Academic Plan GT — DSBA coop
148,รายวิชา 06026212 การสร้างคลังข้อมูล มีวิชาบังคับก่อน (prerequisite) หรือไม่? ถ้ามีคือวิชาอะไร?,มี — 06066300 (แนวคิดระบบฐานข้อมูล),Prerequisite,แผนการศึกษา ปีที่ 3 ภาคเรียนที่ 1,ข้อบังคับฯ — เกณฑ์การลงทะเบียน: ต้องผ่านวิชาบังคับก่อนตามที่หลักสูตรกำหนด,DSBA,coop,GT_Template-2.xlsx / Academic Plan GT — DSBA coop
149,รายวิชา 06026212 การสร้างคลังข้อมูล อยู่ในหมวดหมู่ใด?,"หมวดวิชาเฉพาะ, ประเภท: บังคับ",Course Classification,แผนการศึกษา ปีที่ 3 ภาคเรียนที่ 1,,DSBA,coop,GT_Template-2.xlsx / Academic Plan GT — DSBA coop
150,รายวิชา 90644042 คือวิชาอะไร?,"การสื่อสารและการนำเสนออย่างมืออาชีพ (PROFESSIONAL COMMUNICATION AND PRESENTATION), 3(3-0-6) หน่วยกิต, หมวดวิชาศึกษาทั่วไป — บังคับ",Course Detail,แผนการศึกษา ปีที่ 3 ภาคเรียนที่ 1,,DSBA,coop,GT_Template-2.xlsx / Academic Plan GT — DSBA coop
151,รายวิชา 90644042 การสื่อสารและการนำเสนออย่างมืออาชีพ มีกี่หน่วยกิต?,3(3-0-6),Course Detail,แผนการศึกษา ปีที่ 3 ภาคเรียนที่ 1,,DSBA,coop,GT_Template-2.xlsx / Academic Plan GT — DSBA coop
152,ชื่อภาษาอังกฤษของรายวิชา 90644042 การสื่อสารและการนำเสนออย่างมืออาชีพ คืออะไร?,PROFESSIONAL COMMUNICATION AND PRESENTATION,Course Detail,แผนการศึกษา ปีที่ 3 ภาคเรียนที่ 1,,DSBA,coop,GT_Template-2.xlsx / Academic Plan GT — DSBA coop
153,รายวิชา 90644042 การสื่อสารและการนำเสนออย่างมืออาชีพ อยู่ในหมวดหมู่ใด?,"หมวดวิชาศึกษาทั่วไป, ประเภท: บังคับ",Course Classification,แผนการศึกษา ปีที่ 3 ภาคเรียนที่ 1,,DSBA,coop,GT_Template-2.xlsx / Academic Plan GT — DSBA coop
154,รายวิชา 06026213 คือวิชาอะไร?,"ระบบข้อมูลมหัต (BIG DATA SYSTEMS), 3(2-2-5) หน่วยกิต, หมวดวิชาเฉพาะ — บังคับ",Course Detail,แผนการศึกษา ปีที่ 3 ภาคเรียนที่ 2,,DSBA,coop,GT_Template-2.xlsx / Academic Plan GT — DSBA coop
155,รายวิชา 06026213 ระบบข้อมูลมหัต มีกี่หน่วยกิต?,3(2-2-5),Course Detail,แผนการศึกษา ปีที่ 3 ภาคเรียนที่ 2,,DSBA,coop,GT_Template-2.xlsx / Academic Plan GT — DSBA coop
156,ชื่อภาษาอังกฤษของรายวิชา 06026213 ระบบข้อมูลมหัต คืออะไร?,BIG DATA SYSTEMS,Course Detail,แผนการศึกษา ปีที่ 3 ภาคเรียนที่ 2,,DSBA,coop,GT_Template-2.xlsx / Academic Plan GT — DSBA coop
157,รายวิชา 06026213 ระบบข้อมูลมหัต มีวิชาบังคับก่อน (prerequisite) หรือไม่? ถ้ามีคือวิชาอะไร?,มี — 06066300 (แนวคิดระบบฐานข้อมูล),Prerequisite,แผนการศึกษา ปีที่ 3 ภาคเรียนที่ 2,ข้อบังคับฯ — เกณฑ์การลงทะเบียน: ต้องผ่านวิชาบังคับก่อนตามที่หลักสูตรกำหนด,DSBA,coop,GT_Template-2.xlsx / Academic Plan GT — DSBA coop
158,รายวิชา 06026213 ระบบข้อมูลมหัต อยู่ในหมวดหมู่ใด?,"หมวดวิชาเฉพาะ, ประเภท: บังคับ",Course Classification,แผนการศึกษา ปีที่ 3 ภาคเรียนที่ 2,,DSBA,coop,GT_Template-2.xlsx / Academic Plan GT — DSBA coop
159,รายวิชา 06026214 คือวิชาอะไร?,"โครงงานวิทยาการข้อมูลและการวิเคราะห์เชิงธุรกิจ 1 (PROJECT IN DATA SCIENCE AND BUSINESS ANALYTICS 1), 3(0-9-0) หน่วยกิต, หมวดวิชาเฉพาะ — บังคับ",Course Detail,แผนการศึกษา ปีที่ 3 ภาคเรียนที่ 2,,DSBA,coop,GT_Template-2.xlsx / Academic Plan GT — DSBA coop
160,รายวิชา 06026214 โครงงานวิทยาการข้อมูลและการวิเคราะห์เชิงธุรกิจ 1 มีกี่หน่วยกิต?,3(0-9-0),Course Detail,แผนการศึกษา ปีที่ 3 ภาคเรียนที่ 2,,DSBA,coop,GT_Template-2.xlsx / Academic Plan GT — DSBA coop
161,ชื่อภาษาอังกฤษของรายวิชา 06026214 โครงงานวิทยาการข้อมูลและการวิเคราะห์เชิงธุรกิจ 1 คืออะไร?,PROJECT IN DATA SCIENCE AND BUSINESS ANALYTICS 1,Course Detail,แผนการศึกษา ปีที่ 3 ภาคเรียนที่ 2,,DSBA,coop,GT_Template-2.xlsx / Academic Plan GT — DSBA coop
162,รายวิชา 06026214 โครงงานวิทยาการข้อมูลและการวิเคราะห์เชิงธุรกิจ 1 อยู่ในหมวดหมู่ใด?,"หมวดวิชาเฉพาะ, ประเภท: บังคับ",Course Classification,แผนการศึกษา ปีที่ 3 ภาคเรียนที่ 2,,DSBA,coop,GT_Template-2.xlsx / Academic Plan GT — DSBA coop
163,รายวิชา 06066100 คือวิชาอะไร?,"การบริหารโครงการเทคโนโลยีสารสนเทศ (INFORMATION TECHNOLOGY PROJECT MANAGEMENT), 3(3-0-6) หน่วยกิต, หมวดวิชาเฉพาะ — บังคับ",Course Detail,แผนการศึกษา ปีที่ 3 ภาคเรียนที่ 2,,DSBA,coop,GT_Template-2.xlsx / Academic Plan GT — DSBA coop
164,รายวิชา 06066100 การบริหารโครงการเทคโนโลยีสารสนเทศ มีกี่หน่วยกิต?,3(3-0-6),Course Detail,แผนการศึกษา ปีที่ 3 ภาคเรียนที่ 2,,DSBA,coop,GT_Template-2.xlsx / Academic Plan GT — DSBA coop
165,ชื่อภาษาอังกฤษของรายวิชา 06066100 การบริหารโครงการเทคโนโลยีสารสนเทศ คืออะไร?,INFORMATION TECHNOLOGY PROJECT MANAGEMENT,Course Detail,แผนการศึกษา ปีที่ 3 ภาคเรียนที่ 2,,DSBA,coop,GT_Template-2.xlsx / Academic Plan GT — DSBA coop
166,รายวิชา 06066100 การบริหารโครงการเทคโนโลยีสารสนเทศ อยู่ในหมวดหมู่ใด?,"หมวดวิชาเฉพาะ, ประเภท: บังคับ",Course Classification,แผนการศึกษา ปีที่ 3 ภาคเรียนที่ 2,,DSBA,coop,GT_Template-2.xlsx / Academic Plan GT — DSBA coop
167,รายวิชา 90643021 คือวิชาอะไร?,"ผู้ประกอบการสมัยใหม่ (MODERN ENTREPRENEURS), 3(3-0-6) หน่วยกิต, หมวดวิชาศึกษาทั่วไป — บังคับ",Course Detail,แผนการศึกษา ปีที่ 3 ภาคเรียนที่ 2,,DSBA,coop,GT_Template-2.xlsx / Academic Plan GT — DSBA coop
168,รายวิชา 90643021 ผู้ประกอบการสมัยใหม่ มีกี่หน่วยกิต?,3(3-0-6),Course Detail,แผนการศึกษา ปีที่ 3 ภาคเรียนที่ 2,,DSBA,coop,GT_Template-2.xlsx / Academic Plan GT — DSBA coop
169,ชื่อภาษาอังกฤษของรายวิชา 90643021 ผู้ประกอบการสมัยใหม่ คืออะไร?,MODERN ENTREPRENEURS,Course Detail,แผนการศึกษา ปีที่ 3 ภาคเรียนที่ 2,,DSBA,coop,GT_Template-2.xlsx / Academic Plan GT — DSBA coop
170,รายวิชา 90643021 ผู้ประกอบการสมัยใหม่ อยู่ในหมวดหมู่ใด?,"หมวดวิชาศึกษาทั่วไป, ประเภท: บังคับ",Course Classification,แผนการศึกษา ปีที่ 3 ภาคเรียนที่ 2,,DSBA,coop,GT_Template-2.xlsx / Academic Plan GT — DSBA coop
171,รายวิชา 06026215 คือวิชาอะไร?,"โครงงานวิทยาการข้อมูลและการวิเคราะห์เชิงธุรกิจ 2 (PROJECT IN DATA SCIENCE AND BUSINESS ANALYTICS 2), 3(0-9-0) หน่วยกิต, หมวดวิชาเฉพาะ — บังคับ",Course Detail,แผนการศึกษา ปีที่ 4 ภาคเรียนที่ 1,,DSBA,coop,GT_Template-2.xlsx / Academic Plan GT — DSBA coop
172,รายวิชา 06026215 โครงงานวิทยาการข้อมูลและการวิเคราะห์เชิงธุรกิจ 2 มีกี่หน่วยกิต?,3(0-9-0),Course Detail,แผนการศึกษา ปีที่ 4 ภาคเรียนที่ 1,,DSBA,coop,GT_Template-2.xlsx / Academic Plan GT — DSBA coop
173,ชื่อภาษาอังกฤษของรายวิชา 06026215 โครงงานวิทยาการข้อมูลและการวิเคราะห์เชิงธุรกิจ 2 คืออะไร?,PROJECT IN DATA SCIENCE AND BUSINESS ANALYTICS 2,Course Detail,แผนการศึกษา ปีที่ 4 ภาคเรียนที่ 1,,DSBA,coop,GT_Template-2.xlsx / Academic Plan GT — DSBA coop
174,รายวิชา 06026215 โครงงานวิทยาการข้อมูลและการวิเคราะห์เชิงธุรกิจ 2 มีวิชาบังคับก่อน (prerequisite) หรือไม่? ถ้ามีคือวิชาอะไร?,มี — 06026214 (โครงงานวิทยาการข้อมูลและการวิเคราะห์เชิงธุรกิจ 1),Prerequisite,แผนการศึกษา ปีที่ 4 ภาคเรียนที่ 1,ข้อบังคับฯ — เกณฑ์การลงทะเบียน: ต้องผ่านวิชาบังคับก่อนตามที่หลักสูตรกำหนด,DSBA,coop,GT_Template-2.xlsx / Academic Plan GT — DSBA coop
175,รายวิชา 06026215 โครงงานวิทยาการข้อมูลและการวิเคราะห์เชิงธุรกิจ 2 อยู่ในหมวดหมู่ใด?,"หมวดวิชาเฉพาะ, ประเภท: บังคับ",Course Classification,แผนการศึกษา ปีที่ 4 ภาคเรียนที่ 1,,DSBA,coop,GT_Template-2.xlsx / Academic Plan GT — DSBA coop
176,รายวิชา 06026259 หรือ 06026260 คือวิชาอะไร?,"สหกิจศึกษาทางวิทยาการข้อมูลและการวิเคราะห์เชิงธุรกิจ สหกิจศึกษาต่างประเทศทางวิทยาการข้อมูลและการวิเคราะห์เชิงธุรกิจ (COOPERATIVE EDUCATION IN DATA SCIENCE AND BUSINESS ANALYTICS OVERSEA COOPERATIVE EDUCATION IN DATA SCIENCE AND BUSINESS ANALYTICS), 6(0-35-0) หน่วยกิต, หมวดวิชาเฉพาะ — บังคับ",Course Detail,แผนการศึกษา ปีที่ 4 ภาคเรียนที่ 2,,DSBA,coop,GT_Template-2.xlsx / Academic Plan GT — DSBA coop
177,รายวิชา 06026259 หรือ 06026260 สหกิจศึกษาทางวิทยาการข้อมูลและการวิเคราะห์เชิงธุรกิจ สหกิจศึกษาต่างประเทศทางวิทยาการข้อมูลและการวิเคราะห์เชิงธุรกิจ มีกี่หน่วยกิต?,6(0-35-0),Course Detail,แผนการศึกษา ปีที่ 4 ภาคเรียนที่ 2,,DSBA,coop,GT_Template-2.xlsx / Academic Plan GT — DSBA coop
178,ชื่อภาษาอังกฤษของรายวิชา 06026259 หรือ 06026260 สหกิจศึกษาทางวิทยาการข้อมูลและการวิเคราะห์เชิงธุรกิจ สหกิจศึกษาต่างประเทศทางวิทยาการข้อมูลและการวิเคราะห์เชิงธุรกิจ คืออะไร?,COOPERATIVE EDUCATION IN DATA SCIENCE AND BUSINESS ANALYTICS OVERSEA COOPERATIVE EDUCATION IN DATA SCIENCE AND BUSINESS ANALYTICS,Course Detail,แผนการศึกษา ปีที่ 4 ภาคเรียนที่ 2,,DSBA,coop,GT_Template-2.xlsx / Academic Plan GT — DSBA coop
179,รายวิชา 06026259 หรือ 06026260 สหกิจศึกษาทางวิทยาการข้อมูลและการวิเคราะห์เชิงธุรกิจ สหกิจศึกษาต่างประเทศทางวิทยาการข้อมูลและการวิเคราะห์เชิงธุรกิจ อยู่ในหมวดหมู่ใด?,"หมวดวิชาเฉพาะ, ประเภท: บังคับ",Course Classification,แผนการศึกษา ปีที่ 4 ภาคเรียนที่ 2,,DSBA,coop,GT_Template-2.xlsx / Academic Plan GT — DSBA coop
180,รายวิชาใดบ้างในหลักสูตร DSBA ที่มีวิชาบังคับก่อน (prerequisite)?,06026201 แคลคูลัส 2 ← ต้องผ่าน 06026200; 06066102 ระบบสารสนเทศเพื่อการจัดการ ← ต้องผ่าน 06066101; 06026212 การสร้างคลังข้อมูล ← ต้องผ่าน 06066300; 06026213 ระบบข้อมูลมหัต ← ต้องผ่าน 06066300; 06026215 โครงงานวิทยาการข้อมูลและการวิเคราะห์เชิงธุรกิจ 2 ← ต้องผ่าน 06026214,Prerequisite,ภาพรวมแผนการศึกษา,ข้อบังคับฯ — เกณฑ์การลงทะเบียน: ต้องผ่านวิชาบังคับก่อนตามที่หลักสูตรกำหนด,DSBA,coop,GT_Template-2.xlsx / Academic Plan GT — DSBA coop
181,หลักสูตร DSBA มีวิชาเลือกเฉพาะสาขาให้เลือกทั้งหมดกี่รายวิชา?,45 รายวิชาในกลุ่มวิชาเลือกเฉพาะสาขา,Elective Courses,ตารางวิชาเลือกเฉพาะสาขา (Elective Pool),,DSBA,coop,GT_Template-2.xlsx / Academic Plan GT — DSBA coop
182,กลุ่มวิชาเลือกทางวิทยาการข้อมูล (Data Science) ในหลักสูตร DSBA มีวิชาอะไรบ้าง?,"06026216 ปัญญาประดิษฐ์, 06026217 การเรียนรู้ของเครื่อง, 06026218 การเรียนรู้เชิงลึก, 06026219 การประมวลผลภาษาธรรมชาติ, 06026220 การทำเหมืองข้อมูลกระบวนการ, 06026221 การค้นคืนสารสนเทศ, 06026222 คอมพิวเตอร์วิชัน, 06026223 การประมวลผลภาพ, 06026224 การแปลงข้อมูลและการรู้จำรูปภาพ, 06026225 การเรียนรู้เชิงลึกสำหรับการวิเคราะห์ภาพและวิดีโอทางการแพทย์, 06026226 หัวข้อพิเศษทางวิทยาการข้อมูล 1, 06026227 หัวข้อพิเศษทางวิทยาการข้อมูล 2, 06026228 ปฏิบัติการพิเศษทางวิทยาการข้อมูล 1, 06026229 ปฏิบัติการพิเศษทางวิทยาการข้อมูล 2, 06026241 การดำเนินงานการเรียนรู้ของเครื่อง, 06026250 วิทยาการข้อมูลสำหรับธุรกิจ, 06026254 เทคโนโลยีสุขภาพสนเทศศาสตร์เบื้องต้น, 06026259 สหกิจศึกษาทางวิทยาการข้อมูลและการวิเคราะห์เชิงธุรกิจ, 06026260 สหกิจศึกษาต่างประเทศทางวิทยาการข้อมูลและการวิเคราะห์เชิงธุรกิจ",Elective Courses,ตารางวิชาเลือก — กลุ่มวิทยาการข้อมูล,,DSBA,coop,GT_Template-2.xlsx / Academic Plan GT — DSBA coop
183,กลุ่มวิชาเลือกทางการวิเคราะห์เชิงสถิติ (Statistical Analytics) ในหลักสูตร DSBA มีวิชาอะไรบ้าง?,"06026230 อนุกรมเวลาและการพยากรณ์, 06026231 สถิติเชิงเบย์, 06026232 กระบวนการสโตแคสติกเบื้องต้น, 06026233 การวิเคราะห์ข้อมูลหลายตัวแปร, 06026234 การออกแบบการทดลอง, 06026235 หัวข้อพิเศษทางการวิเคราะห์เชิงสถิติ 1, 06026236 หัวข้อพิเศษทางการวิเคราะห์เชิงสถิติ 2, 06026237 ปฏิบัติการพิเศษทางการวิเคราะห์เชิงสถิติ 1, 06026238 ปฏิบัติการพิเศษทางการวิเคราะห์เชิงสถิติ 2",Elective Courses,ตารางวิชาเลือก — กลุ่มการวิเคราะห์เชิงสถิติ,,DSBA,coop,GT_Template-2.xlsx / Academic Plan GT — DSBA coop
184,กลุ่มวิชาเลือกทางวิศวกรรมข้อมูล (Data Engineering) ในหลักสูตร DSBA มีวิชาอะไรบ้าง?,"06026239 สถิาปัตยกรรมข้อมูลแบบไปป์ไลน์, 06026240 การพัฒนาระบบอัจฉริยะ, 06026242 โครงสร้างพื้นฐานด้านเทคโนโลยีกลุ่มเมฆ, 06026243 ระบบฐานข้อมูลขั้นสูง, 06026244 การดูแลและบำรุงรักษาระบบฐานข้อมูล, 06026245 ระบบข้อมูลแบบกระจาย, 06026246 หัวข้อพิเศษทางวิศวกรรมข้อมูล 1, 06026247 หัวข้อพิเศษทางวิศวกรรมข้อมูล 2, 06026248 ปฏิบัติการพิเศษทางวิศวกรรมข้อมูล 1, 06026249 ปฏิบัติการพิเศษทางวิศวกรรมข้อมูล 2",Elective Courses,ตารางวิชาเลือก — กลุ่มวิศวกรรมข้อมูล,,DSBA,coop,GT_Template-2.xlsx / Academic Plan GT — DSBA coop
185,กลุ่มวิชาเลือกทางธุรกิจ/ประยุกต์ ในหลักสูตร DSBA มีวิชาอะไรบ้าง?,"06026251 บัญชีการเงิน, 06026252 การวิเคราะห์ด้านการเงิน, 06026253 การวิเคราะห์ด้านการตลาด, 06026255 การได้มาและการจัดการข้อมูลทางด้านคลินิก, 06026256 การจัดการการปฏิบัติการ, 06026257 การบริหารเชิงกลยุทธ์และสมรรถะของธุรกิจ, 06026258 การวิเคราะห์เครือข่ายสังคม",Elective Courses,ตารางวิชาเลือก — กลุ่มธุรกิจ/ประยุกต์,,DSBA,coop,GT_Template-2.xlsx / Academic Plan GT — DSBA coop
186,หลักสูตร DSBA มีรายวิชาศึกษาทั่วไปทั้งหมดกี่รายวิชา?,"10 รายวิชา (บังคับ 8, เลือก 2)",General Education,แผนการศึกษา — หมวดวิชาศึกษาทั่วไป,,DSBA,coop,GT_Template-2.xlsx / Academic Plan GT — DSBA coop
187,รายวิชาศึกษาทั่วไปบังคับของหลักสูตร DSBA มีอะไรบ้าง?,"90641001 โรงเรียนสร้างเสน่าห์, 90641003 กีฬาและนันทนาการ, 90644007 ภาษาอังกฤษพื้นฐาน 1, 90641002 ความฉลาดทางดิจิทัล, 90642033 กฎหมายสำหรับคนรุ่นใหม่, 90644008 ภาษาอังกฤษพื้นฐาน 2, 90644042 การสื่อสารและการนำเสนออย่างมืออาชีพ, 90643021 ผู้ประกอบการสมัยใหม่",General Education,แผนการศึกษา — หมวดวิชาศึกษาทั่วไป,,DSBA,coop,GT_Template-2.xlsx / Academic Plan GT — DSBA coop
188,หลักสูตร DSBA (แผน coop) มีรายวิชาสหกิจศึกษาอะไรบ้าง?,06026259 หรือ 06026260 สหกิจศึกษาทางวิทยาการข้อมูลและการวิเคราะห์เชิงธุรกิจ สหกิจศึกษาต่างประเทศทางวิทยาการข้อมูลและการวิเคราะห์เชิงธุรกิจ 6(0-35-0) หน่วยกิต; 06026259 สหกิจศึกษาทางวิทยาการข้อมูลและการวิเคราะห์เชิงธุรกิจ 6(0-35-0) หน่วยกิต; 06026260 สหกิจศึกษาต่างประเทศทางวิทยาการข้อมูลและการวิเคราะห์เชิงธุรกิจ 6(0-35-0) หน่วยกิต,Cooperative Education,แผนการศึกษา ปีที่ 4 ภาคเรียนที่ 2 / ตารางวิชาเลือก,ข้อบังคับฯ — เกณฑ์การสำเร็จการศึกษา: สำหรับแผนสหกิจต้องผ่านรายวิชาสหกิจศึกษา,DSBA,coop,GT_Template-2.xlsx / Academic Plan GT — DSBA coop
189,สหกิจศึกษาของหลักสูตร DSBA (แผน coop) อยู่ในปีและภาคเรียนใด?,ปีที่ 4 ภาคเรียนที่ 2 — 6(0-35-0) หน่วยกิต,Cooperative Education,แผนการศึกษา ปีที่ 4 ภาคเรียนที่ 2,ข้อบังคับฯ — เกณฑ์การสำเร็จการศึกษา,DSBA,coop,GT_Template-2.xlsx / Academic Plan GT — DSBA coop
190,สหกิจศึกษาของหลักสูตร DSBA มีกี่หน่วยกิต?,6(0-35-0) หน่วยกิต,Cooperative Education,แผนการศึกษา ปีที่ 4 ภาคเรียนที่ 2,ข้อบังคับฯ — เกณฑ์การสำเร็จการศึกษา,DSBA,coop,GT_Template-2.xlsx / Academic Plan GT — DSBA coop
191,หลักสูตร DSBA มีรายวิชาโครงงาน (Project) กี่รายวิชา?,2 รายวิชา: 06026214 โครงงานวิทยาการข้อมูลและการวิเคราะห์เชิงธุรกิจ 1 ปี 3/2 3(0-9-0); 06026215 โครงงานวิทยาการข้อมูลและการวิเคราะห์เชิงธุรกิจ 2 ปี 4/1 3(0-9-0),Capstone Project,แผนการศึกษา — วิชาโครงงาน,,DSBA,coop,GT_Template-2.xlsx / Academic Plan GT — DSBA coop
192,รายวิชา 06026215 โครงงานวิทยาการข้อมูลและการวิเคราะห์เชิงธุรกิจ 2 ต้องผ่านวิชาอะไรก่อน?,06026214 (โครงงานวิทยาการข้อมูลและการวิเคราะห์เชิงธุรกิจ 1),Capstone Project,แผนการศึกษา ปีที่ 4 ภาคเรียนที่ 1,ข้อบังคับฯ — เกณฑ์การลงทะเบียน: วิชาบังคับก่อน,DSBA,coop,GT_Template-2.xlsx / Academic Plan GT — DSBA coop
193,หลักสูตร DSBA ต้องลงวิชาเลือกเสรีกี่รายวิชา รวมกี่หน่วยกิต?,2 รายวิชา รวม 6 หน่วยกิต,Free Electives,แผนการศึกษา ปีที่ 4 ภาคเรียนที่ 1,ข้อบังคับฯ — โครงสร้างหลักสูตร: หมวดวิชาเลือกเสรี,DSBA,coop,GT_Template-2.xlsx / Academic Plan GT — DSBA coop
194,รายวิชา พื้นฐานวิทยาการข้อมูล ของหลักสูตร DSBA เรียนในปีและภาคเรียนใด?,"ปีที่ 2 ภาคเรียนที่ 2, รหัสวิชา 06026208, 3(3-0-6) หน่วยกิต",Course Detail,แผนการศึกษา ปีที่ 2 ภาคเรียนที่ 2,,DSBA,coop,GT_Template-2.xlsx / Academic Plan GT — DSBA coop
195,รายวิชา การเรียนรู้ของเครื่องเชิงประยุกต์ ของหลักสูตร DSBA เรียนในปีและภาคเรียนใด?,"ปีที่ 3 ภาคเรียนที่ 1, รหัสวิชา 06026211, 3(2-2-5) หน่วยกิต",Course Detail,แผนการศึกษา ปีที่ 3 ภาคเรียนที่ 1,,DSBA,coop,GT_Template-2.xlsx / Academic Plan GT — DSBA coop
196,รายวิชา ระบบข้อมูลมหัต ของหลักสูตร DSBA เรียนในปีและภาคเรียนใด?,"ปีที่ 3 ภาคเรียนที่ 2, รหัสวิชา 06026213, 3(2-2-5) หน่วยกิต",Course Detail,แผนการศึกษา ปีที่ 3 ภาคเรียนที่ 2,,DSBA,coop,GT_Template-2.xlsx / Academic Plan GT — DSBA coop
197,รายวิชา การแสดงข้อมูลด้วยแผนภาพ ของหลักสูตร DSBA เรียนในปีและภาคเรียนใด?,"ปีที่ 2 ภาคเรียนที่ 2, รหัสวิชา 06026209, 3(2-2-5) หน่วยกิต",Course Detail,แผนการศึกษา ปีที่ 2 ภาคเรียนที่ 2,,DSBA,coop,GT_Template-2.xlsx / Academic Plan GT — DSBA coop
198,รายวิชา การสร้างคลังข้อมูล ของหลักสูตร DSBA เรียนในปีและภาคเรียนใด?,"ปีที่ 3 ภาคเรียนที่ 1, รหัสวิชา 06026212, 3(2-2-5) หน่วยกิต",Course Detail,แผนการศึกษา ปีที่ 3 ภาคเรียนที่ 1,,DSBA,coop,GT_Template-2.xlsx / Academic Plan GT — DSBA coop
199,รายวิชา 90642033 กฎหมายสำหรับคนรุ่นใหม่ มีเงื่อนไขพิเศษอะไร?,หมายเหตุ: กลุ่มวิชาที่กำหนดโดยคณะ,Special Notes,แผนการศึกษา ปีที่ 1 ภาคเรียนที่ 2,,DSBA,coop,GT_Template-2.xlsx / Academic Plan GT — DSBA coop
200,รายวิชา 90644042 การสื่อสารและการนำเสนออย่างมืออาชีพ มีเงื่อนไขพิเศษอะไร?,หมายเหตุ: กลุ่มวิชาที่กำหนดโดยคณะ,Special Notes,แผนการศึกษา ปีที่ 3 ภาคเรียนที่ 1,,DSBA,coop,GT_Template-2.xlsx / Academic Plan GT — DSBA coop
201,รายวิชา 90643021 ผู้ประกอบการสมัยใหม่ มีเงื่อนไขพิเศษอะไร?,หมายเหตุ: กลุ่มวิชาที่กำหนดโดยคณะ,Special Notes,แผนการศึกษา ปีที่ 3 ภาคเรียนที่ 2,,DSBA,coop,GT_Template-2.xlsx / Academic Plan GT — DSBA coop
202,รายวิชา 06026259 สหกิจศึกษาทางวิทยาการข้อมูลและการวิเคราะห์เชิงธุรกิจ มีเงื่อนไขพิเศษอะไร?,หมายเหตุ: เฉพาะโครงการเข้าร่วมสหกิจ,Special Notes,"กลุ่มวิชาเลือก (ลงได้ในภาคเรียน 3/1, 3/2, 4/1)",ข้อบังคับฯ — เกณฑ์การสำเร็จการศึกษา (แผนสหกิจ),DSBA,coop,GT_Template-2.xlsx / Academic Plan GT — DSBA coop
203,รายวิชา 06026260 สหกิจศึกษาต่างประเทศทางวิทยาการข้อมูลและการวิเคราะห์เชิงธุรกิจ มีเงื่อนไขพิเศษอะไร?,หมายเหตุ: เฉพาะโครงการเข้าร่วมสหกิจ,Special Notes,"กลุ่มวิชาเลือก (ลงได้ในภาคเรียน 3/1, 3/2, 4/1)",ข้อบังคับฯ — เกณฑ์การสำเร็จการศึกษา (แผนสหกิจ),DSBA,coop,GT_Template-2.xlsx / Academic Plan GT — DSBA coop
204,ปีที่ 1 ของหลักสูตร DSBA ต้องเรียนรวมกี่หน่วยกิต?,"รวม 42 หน่วยกิต (15 รายวิชา: บังคับ 15, เลือก 0)",Year Summary,แผนการศึกษา ปีที่ 1,,DSBA,coop,GT_Template-2.xlsx / Academic Plan GT — DSBA coop
205,ปีที่ 2 ของหลักสูตร DSBA ต้องเรียนรวมกี่หน่วยกิต?,"รวม 39 หน่วยกิต (13 รายวิชา: บังคับ 12, เลือก 1)",Year Summary,แผนการศึกษา ปีที่ 2,,DSBA,coop,GT_Template-2.xlsx / Academic Plan GT — DSBA coop
206,ปีที่ 3 ของหลักสูตร DSBA ต้องเรียนรวมกี่หน่วยกิต?,"รวม 36 หน่วยกิต (12 รายวิชา: บังคับ 7, เลือก 5)",Year Summary,แผนการศึกษา ปีที่ 3,,DSBA,coop,GT_Template-2.xlsx / Academic Plan GT — DSBA coop
207,ปีที่ 4 ของหลักสูตร DSBA ต้องเรียนรวมกี่หน่วยกิต?,"รวม 18 หน่วยกิต (5 รายวิชา: บังคับ 2, เลือก 3)",Year Summary,แผนการศึกษา ปีที่ 4,,DSBA,coop,GT_Template-2.xlsx / Academic Plan GT — DSBA coop
